{"cameraMode":{"drawMode":0,"name":"Shaded","section":"Shading Mode"},"sceneLighting":false,"audioPlay":false,"sceneViewState":{"showFog":true,"showMaterialUpdate":false,"showSkybox":true,"showFlares":true,"showImageEffects":true,"showParticleSystems":true},"in2DMode":false,"pivot":{"x":160.51136779785157,"y":3.3204398155212404,"z":210.84304809570313},"rotation":{"x":0.1041255071759224,"y":0.23636570572853089,"z":-0.02548483945429325,"w":0.965732753276825},"size":9.765300750732422,"orthographic":false}